Wall time,Step,Value
1602230753.537755,0,0.6619333624839783
1602230844.42953,1,0.8908666372299194
1602230937.814123,2,0.9247000217437744
1602231030.4578,3,0.9364500045776367
1602231129.426114,4,0.9116833209991455
1602231227.597992,5,0.9363499879837036
1602231325.308661,6,0.9431999921798706
1602231420.215795,7,0.9480166435241699
1602231514.722254,8,0.902899980545044
1602231610.835666,9,0.9314500093460083
1602231706.61943,10,0.9430333375930786
1602231801.079714,11,0.9395166635513306
1602231895.056969,12,0.9455166459083557
1602231987.836465,13,0.9391000270843506
1602232079.060095,14,0.9457833170890808
1602232171.587611,15,0.9383999705314636
1602232265.048722,16,0.9433833360671997
1602232360.30293,17,0.9265166521072388
1602232454.692299,18,0.9425666928291321
1602232549.024558,19,0.9340999722480774
1602232644.127337,20,0.93545001745224
1602232740.274421,21,0.9362166523933411
1602232835.023738,22,0.9243999719619751
1602232931.07213,23,0.9386333227157593
1602233022.436757,24,0.9372000098228455
1602233111.656859,25,0.9227833151817322
1602233206.141479,26,0.9305499792098999
1602233302.709385,27,0.9312000274658203
1602233398.237019,28,0.9410333037376404
1602233490.84257,29,0.9352166652679443
1602233584.645879,30,0.942633330821991
1602233676.927941,31,0.9439833164215088
1602233770.6882,32,0.9467333555221558
1602233861.548147,33,0.9342333078384399
1602233952.366286,34,0.9464499950408936
1602234044.251489,35,0.9458666443824768
1602234136.467359,36,0.940933346748352
1602234228.939222,37,0.9467166662216187
1602234319.880813,38,0.9494333267211914
1602234411.094977,39,0.9475666880607605
1602234503.639303,40,0.9402333498001099
1602234596.068651,41,0.9497833251953125
1602234686.146434,42,0.955299973487854
1602234775.893529,43,0.951616644859314
1602234865.986231,44,0.9487500190734863
1602234955.397734,45,0.9350166916847229
1602235045.497783,46,0.9280333518981934
1602235135.125935,47,0.9232000112533569
1602235224.909512,48,0.9341999888420105
1602235315.276078,49,0.9327166676521301
